-- MySQL dump 10.13  Distrib 5.6.23, for Win64 (x86_64)
--
-- Host: localhost    Database: scse
-- ------------------------------------------------------
-- Server version	5.6.24

/*!40101 SET @OLD_CHARACTER_SET_CLIENT=@@CHARACTER_SET_CLIENT */;
/*!40101 SET @OLD_CHARACTER_SET_RESULTS=@@CHARACTER_SET_RESULTS */;
/*!40101 SET @OLD_COLLATION_CONNECTION=@@COLLATION_CONNECTION */;
/*!40101 SET NAMES utf8 */;
/*!40103 SET @OLD_TIME_ZONE=@@TIME_ZONE */;
/*!40103 SET TIME_ZONE='+00:00' */;
/*!40014 SET @OLD_UNIQUE_CHECKS=@@UNIQUE_CHECKS, UNIQUE_CHECKS=0 */;
/*!40014 SET @OLD_FOREIGN_KEY_CHECKS=@@FOREIGN_KEY_CHECKS, FOREIGN_KEY_CHECKS=0 */;
/*!40101 SET @OLD_SQL_MODE=@@SQL_MODE, SQL_MODE='NO_AUTO_VALUE_ON_ZERO' */;
/*!40111 SET @OLD_SQL_NOTES=@@SQL_NOTES, SQL_NOTES=0 */;

--
-- Table structure for table `admin`
--

DROP TABLE IF EXISTS `admin`;
/*!40101 SET @saved_cs_client     = @@character_set_client */;
/*!40101 SET character_set_client = utf8 */;
CREATE TABLE `admin` (
  `admin_id` int(11) NOT NULL AUTO_INCREMENT,
  `usuario_id` int(11) NOT NULL,
  `persona_id` int(11) NOT NULL,
  PRIMARY KEY (`admin_id`)
) ENGINE=InnoDB AUTO_INCREMENT=8 DEFAULT CHARSET=utf8;
/*!40101 SET character_set_client = @saved_cs_client */;

--
-- Dumping data for table `admin`
--

LOCK TABLES `admin` WRITE;
/*!40000 ALTER TABLE `admin` DISABLE KEYS */;
INSERT INTO `admin` VALUES (6,33,28),(7,40,39);
/*!40000 ALTER TABLE `admin` ENABLE KEYS */;
UNLOCK TABLES;

--
-- Table structure for table `area`
--

DROP TABLE IF EXISTS `area`;
/*!40101 SET @saved_cs_client     = @@character_set_client */;
/*!40101 SET character_set_client = utf8 */;
CREATE TABLE `area` (
  `area_id` int(11) NOT NULL AUTO_INCREMENT,
  `area` varchar(30) NOT NULL,
  PRIMARY KEY (`area_id`)
) ENGINE=InnoDB AUTO_INCREMENT=21 DEFAULT CHARSET=utf8;
/*!40101 SET character_set_client = @saved_cs_client */;

--
-- Dumping data for table `area`
--

LOCK TABLES `area` WRITE;
/*!40000 ALTER TABLE `area` DISABLE KEYS */;
INSERT INTO `area` VALUES (17,'Coordinacion'),(18,'Subdireccion'),(19,'Posgrado'),(20,'Registro Academico');
/*!40000 ALTER TABLE `area` ENABLE KEYS */;
UNLOCK TABLES;

--
-- Table structure for table `beca`
--

DROP TABLE IF EXISTS `beca`;
/*!40101 SET @saved_cs_client     = @@character_set_client */;
/*!40101 SET character_set_client = utf8 */;
CREATE TABLE `beca` (
  `beca_id` int(11) NOT NULL AUTO_INCREMENT,
  `publicacion_id` int(11) NOT NULL,
  `programa_academico` varchar(100) NOT NULL,
  `url` varchar(200) NOT NULL,
  PRIMARY KEY (`beca_id`)
) ENGINE=InnoDB AUTO_INCREMENT=2 DEFAULT CHARSET=utf8;
/*!40101 SET character_set_client = @saved_cs_client */;

--
-- Dumping data for table `beca`
--

LOCK TABLES `beca` WRITE;
/*!40000 ALTER TABLE `beca` DISABLE KEYS */;
/*!40000 ALTER TABLE `beca` ENABLE KEYS */;
UNLOCK TABLES;

--
-- Table structure for table `cargo`
--

DROP TABLE IF EXISTS `cargo`;
/*!40101 SET @saved_cs_client     = @@character_set_client */;
/*!40101 SET character_set_client = utf8 */;
CREATE TABLE `cargo` (
  `cargo_id` int(11) NOT NULL AUTO_INCREMENT,
  `area_id` int(11) NOT NULL,
  `cargo` varchar(30) NOT NULL,
  PRIMARY KEY (`cargo_id`)
) ENGINE=InnoDB AUTO_INCREMENT=27 DEFAULT CHARSET=utf8;
/*!40101 SET character_set_client = @saved_cs_client */;

--
-- Dumping data for table `cargo`
--

LOCK TABLES `cargo` WRITE;
/*!40000 ALTER TABLE `cargo` DISABLE KEYS */;
INSERT INTO `cargo` VALUES (25,18,'Subdirector'),(26,17,'Coordinador');
/*!40000 ALTER TABLE `cargo` ENABLE KEYS */;
UNLOCK TABLES;

--
-- Table structure for table `carrera`
--

DROP TABLE IF EXISTS `carrera`;
/*!40101 SET @saved_cs_client     = @@character_set_client */;
/*!40101 SET character_set_client = utf8 */;
CREATE TABLE `carrera` (
  `carrera_id` int(11) NOT NULL AUTO_INCREMENT,
  `nombre_carrera` varchar(45) NOT NULL,
  PRIMARY KEY (`carrera_id`)
) ENGINE=InnoDB AUTO_INCREMENT=7 DEFAULT CHARSET=utf8;
/*!40101 SET character_set_client = @saved_cs_client */;

--
-- Dumping data for table `carrera`
--

LOCK TABLES `carrera` WRITE;
/*!40000 ALTER TABLE `carrera` DISABLE KEYS */;
INSERT INTO `carrera` VALUES (1,'Ingeniería civil'),(2,'Ingeniería de sistemas'),(3,'Ingenieria industrial'),(4,'Ingeniería agroindustrial');
/*!40000 ALTER TABLE `carrera` ENABLE KEYS */;
UNLOCK TABLES;

--
-- Table structure for table `categoria`
--

DROP TABLE IF EXISTS `categoria`;
/*!40101 SET @saved_cs_client     = @@character_set_client */;
/*!40101 SET character_set_client = utf8 */;
CREATE TABLE `categoria` (
  `categoria_id` int(11) NOT NULL AUTO_INCREMENT,
  `categoria` varchar(45) NOT NULL,
  PRIMARY KEY (`categoria_id`)
) ENGINE=InnoDB AUTO_INCREMENT=5 DEFAULT CHARSET=utf8;
/*!40101 SET character_set_client = @saved_cs_client */;

--
-- Dumping data for table `categoria`
--

LOCK TABLES `categoria` WRITE;
/*!40000 ALTER TABLE `categoria` DISABLE KEYS */;
INSERT INTO `categoria` VALUES (1,'abierta'),(2,'cerrada'),(3,'selección única'),(4,'selección múltiple');
/*!40000 ALTER TABLE `categoria` ENABLE KEYS */;
UNLOCK TABLES;

--
-- Table structure for table `contacto`
--

DROP TABLE IF EXISTS `contacto`;
/*!40101 SET @saved_cs_client     = @@character_set_client */;
/*!40101 SET character_set_client = utf8 */;
CREATE TABLE `contacto` (
  `contacto_id` int(11) NOT NULL AUTO_INCREMENT,
  `telefono` varchar(10) DEFAULT NULL,
  `celular` varchar(10) DEFAULT NULL,
  `direccion` varchar(100) DEFAULT NULL,
  `municipio_id` int(11) DEFAULT NULL,
  PRIMARY KEY (`contacto_id`)
) ENGINE=InnoDB AUTO_INCREMENT=36 DEFAULT CHARSET=utf8;
/*!40101 SET character_set_client = @saved_cs_client */;

--
-- Dumping data for table `contacto`
--

LOCK TABLES `contacto` WRITE;
/*!40000 ALTER TABLE `contacto` DISABLE KEYS */;
INSERT INTO `contacto` VALUES (34,'','','',1),(35,'',NULL,'',1);
/*!40000 ALTER TABLE `contacto` ENABLE KEYS */;
UNLOCK TABLES;

--
-- Table structure for table `curriculum`
--

DROP TABLE IF EXISTS `curriculum`;
/*!40101 SET @saved_cs_client     = @@character_set_client */;
/*!40101 SET character_set_client = utf8 */;
CREATE TABLE `curriculum` (
  `curriculum_id` int(11) NOT NULL AUTO_INCREMENT,
  `egresado_id` int(11) NOT NULL,
  PRIMARY KEY (`curriculum_id`)
) ENGINE=InnoDB AUTO_INCREMENT=4 DEFAULT CHARSET=utf8;
/*!40101 SET character_set_client = @saved_cs_client */;

--
-- Dumping data for table `curriculum`
--

LOCK TABLES `curriculum` WRITE;
/*!40000 ALTER TABLE `curriculum` DISABLE KEYS */;
/*!40000 ALTER TABLE `curriculum` ENABLE KEYS */;
UNLOCK TABLES;

--
-- Table structure for table `curso`
--

DROP TABLE IF EXISTS `curso`;
/*!40101 SET @saved_cs_client     = @@character_set_client */;
/*!40101 SET character_set_client = utf8 */;
CREATE TABLE `curso` (
  `curso_id` int(11) NOT NULL AUTO_INCREMENT,
  `publicacion_id` int(11) NOT NULL,
  `nombre_curso` varchar(100) NOT NULL,
  `costo` float NOT NULL,
  `duracion` int(11) NOT NULL,
  `libre` tinyint(1) NOT NULL DEFAULT '0',
  `inicio` date DEFAULT NULL,
  PRIMARY KEY (`curso_id`)
) ENGINE=InnoDB AUTO_INCREMENT=2 DEFAULT CHARSET=utf8;
/*!40101 SET character_set_client = @saved_cs_client */;

--
-- Dumping data for table `curso`
--

LOCK TABLES `curso` WRITE;
/*!40000 ALTER TABLE `curso` DISABLE KEYS */;
/*!40000 ALTER TABLE `curso` ENABLE KEYS */;
UNLOCK TABLES;

--
-- Table structure for table `departamento`
--

DROP TABLE IF EXISTS `departamento`;
/*!40101 SET @saved_cs_client     = @@character_set_client */;
/*!40101 SET character_set_client = utf8 */;
CREATE TABLE `departamento` (
  `departamento_id` int(11) NOT NULL AUTO_INCREMENT,
  `departamento` varchar(45) NOT NULL,
  PRIMARY KEY (`departamento_id`)
) ENGINE=InnoDB AUTO_INCREMENT=19 DEFAULT CHARSET=utf8;
/*!40101 SET character_set_client = @saved_cs_client */;

--
-- Dumping data for table `departamento`
--

LOCK TABLES `departamento` WRITE;
/*!40000 ALTER TABLE `departamento` DISABLE KEYS */;
INSERT INTO `departamento` VALUES (1,'Nueva Segovia'),(2,'Estelí'),(3,'Matagalpa'),(4,'Madriz'),(5,'Región autónoma del Atlántico Sur'),(6,'Boaco'),(7,'Carazo'),(8,'Chinandega'),(9,'Chontales'),(10,'Granada'),(11,'Jinotega'),(12,'León'),(13,'Managua'),(14,'Masaya'),(15,'Región Autónoma del Atlántico Norte'),(16,'Río San Juan'),(17,'Rivas'),(18,'Sin asignar');
/*!40000 ALTER TABLE `departamento` ENABLE KEYS */;
UNLOCK TABLES;

--
-- Table structure for table `destino_mensaje`
--

DROP TABLE IF EXISTS `destino_mensaje`;
/*!40101 SET @saved_cs_client     = @@character_set_client */;
/*!40101 SET character_set_client = utf8 */;
CREATE TABLE `destino_mensaje` (
  `destino_mensaje_id` int(11) NOT NULL AUTO_INCREMENT,
  `mensaje_id` int(11) NOT NULL,
  `usuario_id` int(11) NOT NULL,
  `visto` tinyint(1) NOT NULL DEFAULT '0',
  PRIMARY KEY (`destino_mensaje_id`)
) ENGINE=InnoDB AUTO_INCREMENT=14 DEFAULT CHARSET=utf8;
/*!40101 SET character_set_client = @saved_cs_client */;

--
-- Dumping data for table `destino_mensaje`
--

LOCK TABLES `destino_mensaje` WRITE;
/*!40000 ALTER TABLE `destino_mensaje` DISABLE KEYS */;
INSERT INTO `destino_mensaje` VALUES (1,1,34,1),(2,2,34,1),(3,3,34,0),(4,3,36,0),(5,4,32,0),(6,5,34,0),(7,5,36,0),(8,5,37,0),(9,6,34,0),(10,7,34,0),(11,7,36,0),(12,8,33,1),(13,9,33,0);
/*!40000 ALTER TABLE `destino_mensaje` ENABLE KEYS */;
UNLOCK TABLES;

--
-- Table structure for table `egresado`
--

DROP TABLE IF EXISTS `egresado`;
/*!40101 SET @saved_cs_client     = @@character_set_client */;
/*!40101 SET character_set_client = utf8 */;
CREATE TABLE `egresado` (
  `egresado_id` int(11) NOT NULL AUTO_INCREMENT,
  `carnet` varchar(10) NOT NULL,
  `cedula` varchar(16) DEFAULT NULL,
  `titulado` tinyint(1) NOT NULL DEFAULT '0',
  `trabaja` tinyint(1) NOT NULL DEFAULT '0',
  `fecha_egresado` int(11) DEFAULT NULL,
  `contacto_id` int(11) NOT NULL,
  `carrera_id` int(11) NOT NULL,
  `persona_id` int(11) NOT NULL,
  `usuario_id` int(11) NOT NULL,
  PRIMARY KEY (`egresado_id`)
) ENGINE=InnoDB AUTO_INCREMENT=2 DEFAULT CHARSET=utf8;
/*!40101 SET character_set_client = @saved_cs_client */;

--
-- Dumping data for table `egresado`
--

LOCK TABLES `egresado` WRITE;
/*!40000 ALTER TABLE `egresado` DISABLE KEYS */;
INSERT INTO `egresado` VALUES (1,'2009-30761','161-090392-0001Q',0,0,2014,34,2,40,41);
/*!40000 ALTER TABLE `egresado` ENABLE KEYS */;
UNLOCK TABLES;

--
-- Table structure for table `empresa`
--

DROP TABLE IF EXISTS `empresa`;
/*!40101 SET @saved_cs_client     = @@character_set_client */;
/*!40101 SET character_set_client = utf8 */;
CREATE TABLE `empresa` (
  `empresa_id` int(11) NOT NULL AUTO_INCREMENT,
  `nombre_empresa` varchar(60) NOT NULL,
  `ruc` varchar(20) DEFAULT NULL,
  `sociedad_id` int(11) DEFAULT NULL,
  `mision` tinytext,
  `vision` tinytext,
  `ocupacion` tinytext,
  `sitio_web` varchar(100) DEFAULT NULL,
  `contacto_id` int(11) NOT NULL,
  `usuario_id` int(11) NOT NULL,
  `autenticada` tinyint(1) NOT NULL DEFAULT '0',
  PRIMARY KEY (`empresa_id`)
) ENGINE=InnoDB AUTO_INCREMENT=2 DEFAULT CHARSET=utf8;
/*!40101 SET character_set_client = @saved_cs_client */;

--
-- Dumping data for table `empresa`
--

LOCK TABLES `empresa` WRITE;
/*!40000 ALTER TABLE `empresa` DISABLE KEYS */;
INSERT INTO `empresa` VALUES (1,'Universidad Nacional de Ingenieria',NULL,NULL,NULL,NULL,NULL,NULL,35,42,0);
/*!40000 ALTER TABLE `empresa` ENABLE KEYS */;
UNLOCK TABLES;

--
-- Table structure for table `encuesta`
--

DROP TABLE IF EXISTS `encuesta`;
/*!40101 SET @saved_cs_client     = @@character_set_client */;
/*!40101 SET character_set_client = utf8 */;
CREATE TABLE `encuesta` (
  `encuesta_id` int(11) NOT NULL AUTO_INCREMENT,
  `usuario_id` int(11) NOT NULL,
  `titulo` varchar(200) NOT NULL,
  `objetivo` varchar(100) NOT NULL,
  `descripcion` tinytext,
  PRIMARY KEY (`encuesta_id`)
) ENGINE=InnoDB DEFAULT CHARSET=utf8;
/*!40101 SET character_set_client = @saved_cs_client */;

--
-- Dumping data for table `encuesta`
--

LOCK TABLES `encuesta` WRITE;
/*!40000 ALTER TABLE `encuesta` DISABLE KEYS */;
/*!40000 ALTER TABLE `encuesta` ENABLE KEYS */;
UNLOCK TABLES;

--
-- Table structure for table `encuesta_carrera`
--

DROP TABLE IF EXISTS `encuesta_carrera`;
/*!40101 SET @saved_cs_client     = @@character_set_client */;
/*!40101 SET character_set_client = utf8 */;
CREATE TABLE `encuesta_carrera` (
  `encuesta_carrera_id` int(11) NOT NULL AUTO_INCREMENT,
  `encuesta_id` int(11) NOT NULL,
  `carrera_id` int(11) NOT NULL,
  PRIMARY KEY (`encuesta_carrera_id`)
) ENGINE=InnoDB DEFAULT CHARSET=utf8;
/*!40101 SET character_set_client = @saved_cs_client */;

--
-- Dumping data for table `encuesta_carrera`
--

LOCK TABLES `encuesta_carrera` WRITE;
/*!40000 ALTER TABLE `encuesta_carrera` DISABLE KEYS */;
/*!40000 ALTER TABLE `encuesta_carrera` ENABLE KEYS */;
UNLOCK TABLES;

--
-- Table structure for table `experiencia_laboral`
--

DROP TABLE IF EXISTS `experiencia_laboral`;
/*!40101 SET @saved_cs_client     = @@character_set_client */;
/*!40101 SET character_set_client = utf8 */;
CREATE TABLE `experiencia_laboral` (
  `experiencia_laboral_id` int(11) NOT NULL AUTO_INCREMENT,
  `curriculum_id` int(11) NOT NULL,
  `empresa` varchar(100) DEFAULT NULL,
  `cargo` varchar(60) DEFAULT NULL,
  `fecha_comienzo` int(11) DEFAULT NULL,
  `fecha_finalizacion` int(11) DEFAULT NULL,
  PRIMARY KEY (`experiencia_laboral_id`)
) ENGINE=InnoDB AUTO_INCREMENT=14 DEFAULT CHARSET=utf8;
/*!40101 SET character_set_client = @saved_cs_client */;

--
-- Dumping data for table `experiencia_laboral`
--

LOCK TABLES `experiencia_laboral` WRITE;
/*!40000 ALTER TABLE `experiencia_laboral` DISABLE KEYS */;
/*!40000 ALTER TABLE `experiencia_laboral` ENABLE KEYS */;
UNLOCK TABLES;

--
-- Table structure for table `ficha`
--

DROP TABLE IF EXISTS `ficha`;
/*!40101 SET @saved_cs_client     = @@character_set_client */;
/*!40101 SET character_set_client = utf8 */;
CREATE TABLE `ficha` (
  `ficha_id` int(11) NOT NULL AUTO_INCREMENT,
  `publicacion_id` int(11) NOT NULL,
  `cargo` varchar(100) NOT NULL,
  `ubicacion` varchar(40) DEFAULT NULL,
  `cantidad` varchar(30) DEFAULT NULL,
  `experiencia` varchar(45) DEFAULT NULL,
  `jefe` varchar(45) DEFAULT NULL,
  `a_cargo` mediumtext,
  `finalidad` mediumtext,
  `funciones` mediumtext,
  `requisitos` mediumtext,
  `competencia` mediumtext,
  PRIMARY KEY (`ficha_id`)
) ENGINE=InnoDB AUTO_INCREMENT=18 DEFAULT CHARSET=utf8;
/*!40101 SET character_set_client = @saved_cs_client */;

--
-- Dumping data for table `ficha`
--

LOCK TABLES `ficha` WRITE;
/*!40000 ALTER TABLE `ficha` DISABLE KEYS */;
/*!40000 ALTER TABLE `ficha` ENABLE KEYS */;
UNLOCK TABLES;

--
-- Table structure for table `ficha_solicitante`
--

DROP TABLE IF EXISTS `ficha_solicitante`;
/*!40101 SET @saved_cs_client     = @@character_set_client */;
/*!40101 SET character_set_client = utf8 */;
CREATE TABLE `ficha_solicitante` (
  `ficha_solicitante_id` int(11) NOT NULL AUTO_INCREMENT,
  `ficha_id` int(11) NOT NULL,
  `usuario_id` int(11) NOT NULL,
  PRIMARY KEY (`ficha_solicitante_id`)
) ENGINE=InnoDB DEFAULT CHARSET=utf8;
/*!40101 SET character_set_client = @saved_cs_client */;

--
-- Dumping data for table `ficha_solicitante`
--

LOCK TABLES `ficha_solicitante` WRITE;
/*!40000 ALTER TABLE `ficha_solicitante` DISABLE KEYS */;
/*!40000 ALTER TABLE `ficha_solicitante` ENABLE KEYS */;
UNLOCK TABLES;

--
-- Table structure for table `formacion_academica`
--

DROP TABLE IF EXISTS `formacion_academica`;
/*!40101 SET @saved_cs_client     = @@character_set_client */;
/*!40101 SET character_set_client = utf8 */;
CREATE TABLE `formacion_academica` (
  `formacion_academica_id` int(11) NOT NULL AUTO_INCREMENT,
  `curriculum_id` int(11) NOT NULL,
  `fecha_comienzo` int(11) NOT NULL,
  `fecha_finalizacion` int(11) NOT NULL,
  `titulo_id` int(11) NOT NULL,
  PRIMARY KEY (`formacion_academica_id`)
) ENGINE=InnoDB AUTO_INCREMENT=4 DEFAULT CHARSET=utf8;
/*!40101 SET character_set_client = @saved_cs_client */;

--
-- Dumping data for table `formacion_academica`
--

LOCK TABLES `formacion_academica` WRITE;
/*!40000 ALTER TABLE `formacion_academica` DISABLE KEYS */;
/*!40000 ALTER TABLE `formacion_academica` ENABLE KEYS */;
UNLOCK TABLES;

--
-- Table structure for table `formacion_complementaria`
--

DROP TABLE IF EXISTS `formacion_complementaria`;
/*!40101 SET @saved_cs_client     = @@character_set_client */;
/*!40101 SET character_set_client = utf8 */;
CREATE TABLE `formacion_complementaria` (
  `formacion_complementaria_id` int(11) NOT NULL AUTO_INCREMENT,
  `curriculum_id` int(11) NOT NULL,
  `curso` varchar(45) NOT NULL,
  `fecha_comienzo` int(11) NOT NULL,
  `fecha_finalizacion` int(11) NOT NULL,
  PRIMARY KEY (`formacion_complementaria_id`)
) ENGINE=InnoDB AUTO_INCREMENT=4 DEFAULT CHARSET=utf8;
/*!40101 SET character_set_client = @saved_cs_client */;

--
-- Dumping data for table `formacion_complementaria`
--

LOCK TABLES `formacion_complementaria` WRITE;
/*!40000 ALTER TABLE `formacion_complementaria` DISABLE KEYS */;
/*!40000 ALTER TABLE `formacion_complementaria` ENABLE KEYS */;
UNLOCK TABLES;

--
-- Table structure for table `idioma`
--

DROP TABLE IF EXISTS `idioma`;
/*!40101 SET @saved_cs_client     = @@character_set_client */;
/*!40101 SET character_set_client = utf8 */;
CREATE TABLE `idioma` (
  `idioma_id` int(11) NOT NULL AUTO_INCREMENT,
  `curriculum_id` int(11) NOT NULL,
  `idioma` varchar(10) DEFAULT NULL,
  `nivel` enum('basico','medio','alto') DEFAULT NULL,
  PRIMARY KEY (`idioma_id`)
) ENGINE=InnoDB AUTO_INCREMENT=3 DEFAULT CHARSET=utf8;
/*!40101 SET character_set_client = @saved_cs_client */;

--
-- Dumping data for table `idioma`
--

LOCK TABLES `idioma` WRITE;
/*!40000 ALTER TABLE `idioma` DISABLE KEYS */;
/*!40000 ALTER TABLE `idioma` ENABLE KEYS */;
UNLOCK TABLES;

--
-- Table structure for table `imagen_publicacion`
--

DROP TABLE IF EXISTS `imagen_publicacion`;
/*!40101 SET @saved_cs_client     = @@character_set_client */;
/*!40101 SET character_set_client = utf8 */;
CREATE TABLE `imagen_publicacion` (
  `imagen_publicacion_id` int(11) NOT NULL AUTO_INCREMENT,
  `imagen` mediumblob,
  `tipo` varchar(20) DEFAULT NULL,
  PRIMARY KEY (`imagen_publicacion_id`)
) ENGINE=InnoDB AUTO_INCREMENT=88 DEFAULT CHARSET=utf8;
/*!40101 SET character_set_client = @saved_cs_client */;

--
-- Dumping data for table `imagen_publicacion`
--

LOCK TABLES `imagen_publicacion` WRITE;
/*!40000 ALTER TABLE `imagen_publicacion` DISABLE KEYS */;
/*!40000 ALTER TABLE `imagen_publicacion` ENABLE KEYS */;
UNLOCK TABLES;

--
-- Table structure for table `informatica`
--

DROP TABLE IF EXISTS `informatica`;
/*!40101 SET @saved_cs_client     = @@character_set_client */;
/*!40101 SET character_set_client = utf8 */;
CREATE TABLE `informatica` (
  `informatica_id` int(11) NOT NULL AUTO_INCREMENT,
  `curriculum_id` int(11) NOT NULL,
  `software` varchar(45) NOT NULL,
  `nivel` enum('basico','usuario','experto') NOT NULL,
  PRIMARY KEY (`informatica_id`)
) ENGINE=InnoDB AUTO_INCREMENT=3 DEFAULT CHARSET=utf8;
/*!40101 SET character_set_client = @saved_cs_client */;

--
-- Dumping data for table `informatica`
--

LOCK TABLES `informatica` WRITE;
/*!40000 ALTER TABLE `informatica` DISABLE KEYS */;
/*!40000 ALTER TABLE `informatica` ENABLE KEYS */;
UNLOCK TABLES;

--
-- Temporary view structure for view `listar_admins`
--

DROP TABLE IF EXISTS `listar_admins`;
/*!50001 DROP VIEW IF EXISTS `listar_admins`*/;
SET @saved_cs_client     = @@character_set_client;
SET character_set_client = utf8;
/*!50001 CREATE VIEW `listar_admins` AS SELECT 
 1 AS `nombre`,
 1 AS `apellido`,
 1 AS `sexo`,
 1 AS `fecha_nacimiento`,
 1 AS `correo`,
 1 AS `ultima_sesion`,
 1 AS `activo`,
 1 AS `clave`,
 1 AS `imagen`,
 1 AS `usuario_id`,
 1 AS `persona_id`,
 1 AS `admin_id`*/;
SET character_set_client = @saved_cs_client;

--
-- Temporary view structure for view `listar_becas`
--

DROP TABLE IF EXISTS `listar_becas`;
/*!50001 DROP VIEW IF EXISTS `listar_becas`*/;
SET @saved_cs_client     = @@character_set_client;
SET character_set_client = utf8;
/*!50001 CREATE VIEW `listar_becas` AS SELECT 
 1 AS `usuario_id`,
 1 AS `publicacion_id`,
 1 AS `descripcion`,
 1 AS `fecha_alta`,
 1 AS `fecha_publicacion`,
 1 AS `visible`,
 1 AS `beca_id`,
 1 AS `programa_academico`,
 1 AS `url`,
 1 AS `imagen_publicacion_id`,
 1 AS `imagen`,
 1 AS `tipo`*/;
SET character_set_client = @saved_cs_client;

--
-- Temporary view structure for view `listar_cursos`
--

DROP TABLE IF EXISTS `listar_cursos`;
/*!50001 DROP VIEW IF EXISTS `listar_cursos`*/;
SET @saved_cs_client     = @@character_set_client;
SET character_set_client = utf8;
/*!50001 CREATE VIEW `listar_cursos` AS SELECT 
 1 AS `publicacion_id`,
 1 AS `usuario_id`,
 1 AS `descripcion`,
 1 AS `fecha_alta`,
 1 AS `fecha_publicacion`,
 1 AS `visible`,
 1 AS `curso_id`,
 1 AS `nombre_curso`,
 1 AS `costo`,
 1 AS `duracion`,
 1 AS `libre`,
 1 AS `inicio`,
 1 AS `imagen_publicacion_id`,
 1 AS `imagen`,
 1 AS `tipo`*/;
SET character_set_client = @saved_cs_client;

--
-- Temporary view structure for view `listar_drafts`
--

DROP TABLE IF EXISTS `listar_drafts`;
/*!50001 DROP VIEW IF EXISTS `listar_drafts`*/;
SET @saved_cs_client     = @@character_set_client;
SET character_set_client = utf8;
/*!50001 CREATE VIEW `listar_drafts` AS SELECT 
 1 AS `mensaje_id`,
 1 AS `usuario_id`,
 1 AS `asunto`,
 1 AS `mensaje`,
 1 AS `curr_adjuntado`,
 1 AS `fecha_creacion`*/;
SET character_set_client = @saved_cs_client;

--
-- Temporary view structure for view `listar_egresados`
--

DROP TABLE IF EXISTS `listar_egresados`;
/*!50001 DROP VIEW IF EXISTS `listar_egresados`*/;
SET @saved_cs_client     = @@character_set_client;
SET character_set_client = utf8;
/*!50001 CREATE VIEW `listar_egresados` AS SELECT 
 1 AS `imagen`,
 1 AS `correo`,
 1 AS `clave`,
 1 AS `ultima_sesion`,
 1 AS `activo`,
 1 AS `carnet`,
 1 AS `cedula`,
 1 AS `titulado`,
 1 AS `trabaja`,
 1 AS `fecha_egresado`,
 1 AS `nombre`,
 1 AS `apellido`,
 1 AS `sexo`,
 1 AS `fecha_nacimiento`,
 1 AS `nombre_carrera`,
 1 AS `telefono`,
 1 AS `celular`,
 1 AS `direccion`,
 1 AS `departamento`,
 1 AS `municipio`,
 1 AS `persona_id`,
 1 AS `contacto_id`,
 1 AS `usuario_id`,
 1 AS `egresado_id`,
 1 AS `municipio_id`,
 1 AS `carrera_id`,
 1 AS `carrera`,
 1 AS `departamento_id`*/;
SET character_set_client = @saved_cs_client;

--
-- Temporary view structure for view `listar_empresas`
--

DROP TABLE IF EXISTS `listar_empresas`;
/*!50001 DROP VIEW IF EXISTS `listar_empresas`*/;
SET @saved_cs_client     = @@character_set_client;
SET character_set_client = utf8;
/*!50001 CREATE VIEW `listar_empresas` AS SELECT 
 1 AS `nombre_empresa`,
 1 AS `ruc`,
 1 AS `sociedad`,
 1 AS `mision`,
 1 AS `ocupacion`,
 1 AS `vision`,
 1 AS `sitio_web`,
 1 AS `imagen`,
 1 AS `correo`,
 1 AS `clave`,
 1 AS `autenticada`,
 1 AS `telefono`,
 1 AS `celular`,
 1 AS `direccion`,
 1 AS `municipio`,
 1 AS `departamento`,
 1 AS `activo`,
 1 AS `ultima_sesion`,
 1 AS `empresa_id`,
 1 AS `contacto_id`,
 1 AS `usuario_id`,
 1 AS `sociedad_id`,
 1 AS `departamento_id`,
 1 AS `municipio_id`*/;
SET character_set_client = @saved_cs_client;

--
-- Temporary view structure for view `listar_fichas`
--

DROP TABLE IF EXISTS `listar_fichas`;
/*!50001 DROP VIEW IF EXISTS `listar_fichas`*/;
SET @saved_cs_client     = @@character_set_client;
SET character_set_client = utf8;
/*!50001 CREATE VIEW `listar_fichas` AS SELECT 
 1 AS `publicacion_id`,
 1 AS `descripcion`,
 1 AS `fecha_alta`,
 1 AS `fecha_publicacion`,
 1 AS `visible`,
 1 AS `imagen_publicacion_id`,
 1 AS `imagen`,
 1 AS `tipo`,
 1 AS `usuario_id`,
 1 AS `ficha_id`,
 1 AS `cargo`,
 1 AS `ubicacion`,
 1 AS `cantidad`,
 1 AS `jefe`,
 1 AS `a_cargo`,
 1 AS `finalidad`,
 1 AS `funciones`,
 1 AS `requisitos`,
 1 AS `experiencia`,
 1 AS `competencia`*/;
SET character_set_client = @saved_cs_client;

--
-- Temporary view structure for view `listar_inbox`
--

DROP TABLE IF EXISTS `listar_inbox`;
/*!50001 DROP VIEW IF EXISTS `listar_inbox`*/;
SET @saved_cs_client     = @@character_set_client;
SET character_set_client = utf8;
/*!50001 CREATE VIEW `listar_inbox` AS SELECT 
 1 AS `usuario_id`,
 1 AS `mensaje_id`,
 1 AS `asunto`,
 1 AS `mensaje`,
 1 AS `fecha_envio`,
 1 AS `curr_adjuntado`,
 1 AS `remitente`,
 1 AS `remitente_id`,
 1 AS `visto`*/;
SET character_set_client = @saved_cs_client;

--
-- Temporary view structure for view `listar_publicadores`
--

DROP TABLE IF EXISTS `listar_publicadores`;
/*!50001 DROP VIEW IF EXISTS `listar_publicadores`*/;
SET @saved_cs_client     = @@character_set_client;
SET character_set_client = utf8;
/*!50001 CREATE VIEW `listar_publicadores` AS SELECT 
 1 AS `publicador_id`,
 1 AS `persona_id`,
 1 AS `usuario_id`,
 1 AS `nombre`,
 1 AS `apellido`,
 1 AS `sexo`,
 1 AS `fecha_nacimiento`,
 1 AS `correo`,
 1 AS `clave`,
 1 AS `imagen`,
 1 AS `ultima_sesion`,
 1 AS `activo`,
 1 AS `cargo_id`,
 1 AS `cargo`,
 1 AS `area`,
 1 AS `area_id`*/;
SET character_set_client = @saved_cs_client;

--
-- Temporary view structure for view `listar_sent`
--

DROP TABLE IF EXISTS `listar_sent`;
/*!50001 DROP VIEW IF EXISTS `listar_sent`*/;
SET @saved_cs_client     = @@character_set_client;
SET character_set_client = utf8;
/*!50001 CREATE VIEW `listar_sent` AS SELECT 
 1 AS `usuario_id`,
 1 AS `mensaje_id`,
 1 AS `asunto`,
 1 AS `mensaje`,
 1 AS `fecha_envio`,
 1 AS `curr_adjuntado`,
 1 AS `destinatario`,
 1 AS `destinatario_id`,
 1 AS `visto`*/;
SET character_set_client = @saved_cs_client;

--
-- Table structure for table `mensaje`
--

DROP TABLE IF EXISTS `mensaje`;
/*!40101 SET @saved_cs_client     = @@character_set_client */;
/*!40101 SET character_set_client = utf8 */;
CREATE TABLE `mensaje` (
  `mensaje_id` int(11) NOT NULL AUTO_INCREMENT,
  `usuario_id` int(11) NOT NULL,
  `asunto` tinytext NOT NULL,
  `mensaje` mediumtext NOT NULL,
  `fecha_envio` date DEFAULT NULL,
  `cadena` tinyint(1) NOT NULL DEFAULT '0',
  `curr_adjuntado` tinyint(1) NOT NULL DEFAULT '0',
  PRIMARY KEY (`mensaje_id`)
) ENGINE=InnoDB AUTO_INCREMENT=10 DEFAULT CHARSET=utf8;
/*!40101 SET character_set_client = @saved_cs_client */;

--
-- Dumping data for table `mensaje`
--

LOCK TABLES `mensaje` WRITE;
/*!40000 ALTER TABLE `mensaje` DISABLE KEYS */;
INSERT INTO `mensaje` VALUES (1,33,'Un asunto','mensaje de<br />\nvarias <br />\nlineas','2016-01-13',0,0),(2,33,'Prueba de mensaje 123456','un mensjae 1235','2016-01-14',0,0),(3,33,'NUEVO CURSO PUBLICADO','La Universidad Nacional de Ingeniería ha publicado un nuevo Curso, puedes obtener mas información sobre el en el siguiente enlace: <a href=\'http://localhost/scse.norte.uni/publicaciones/Curso>Cursos</a>','2016-01-14',0,0),(4,34,'Alguien ha aplicado al puesto Ofertado','Miguel Angel Castillo Cornejo ha aplicado a tu Ficha Ocupacional, puedes ver su curriculo en el siguiente enlace: <a href=\'http://localhost/scse.norte.uni/curriculum/ver/34\'>Curriculo</a>','2016-01-18',0,0),(5,35,'NUEVA BECA PUBLICADA','La Universidad Nacional de Ingeniería ha publicado una nueva Beca puedes obtener mas información sobre ella en el siguiente enlace: <a href=\'http://localhost/scse.norte.uni/publicaciones/Becas\'>Becas</a>','2016-03-28',0,0),(6,42,'asdsadad','asdsadasds','2016-04-17',0,0),(7,33,'NUEVO FICHA OCUPACIONAL PUBLICADA','La Universidad Nacional de Ingeniería ha publicado una nueva Ficha Ocupacional, puedes obtener mas información sobre ella en el siguiente enlace: <a href=\'http://localhost/scse.norte.uni/publicaciones/BolsaDeTrabajo\'>Fichas Ocupacionales</a>','2016-04-17',0,0),(8,34,'Alguien ha aplicado al puesto Ofertado','Miguel Angel Castillo Cornejo ha aplicado a tu Ficha Ocupacional, puedes ver su curriculo en el siguiente enlace: <a href=\'http://localhost/scse.norte.uni/curriculum/ver/34\'>Curriculo</a>','2016-04-17',0,0),(9,44,'Alguien ha aplicado al puesto Ofertado','Miguel Angel Castillo Cornejo ha aplicado a tu Ficha Ocupacional, puedes ver su curriculo en el siguiente enlace: <a href=\'http://localhost/scse.norte.uni/curriculum/ver/44\'>Curriculo</a>','2016-04-17',0,0);
/*!40000 ALTER TABLE `mensaje` ENABLE KEYS */;
UNLOCK TABLES;

--
-- Table structure for table `mensaje_borrador`
--

DROP TABLE IF EXISTS `mensaje_borrador`;
/*!40101 SET @saved_cs_client     = @@character_set_client */;
/*!40101 SET character_set_client = utf8 */;
CREATE TABLE `mensaje_borrador` (
  `mensaje_borrador_id` int(11) NOT NULL AUTO_INCREMENT,
  `usuario_id` int(11) NOT NULL,
  `mensaje_id` int(11) NOT NULL,
  `fecha_creacion` date NOT NULL,
  PRIMARY KEY (`mensaje_borrador_id`)
) ENGINE=InnoDB DEFAULT CHARSET=utf8;
/*!40101 SET character_set_client = @saved_cs_client */;

--
-- Dumping data for table `mensaje_borrador`
--

LOCK TABLES `mensaje_borrador` WRITE;
/*!40000 ALTER TABLE `mensaje_borrador` DISABLE KEYS */;
/*!40000 ALTER TABLE `mensaje_borrador` ENABLE KEYS */;
UNLOCK TABLES;

--
-- Table structure for table `mensaje_eliminado`
--

DROP TABLE IF EXISTS `mensaje_eliminado`;
/*!40101 SET @saved_cs_client     = @@character_set_client */;
/*!40101 SET character_set_client = utf8 */;
CREATE TABLE `mensaje_eliminado` (
  `mensaje_eliminado_id` int(11) NOT NULL AUTO_INCREMENT,
  `usuario_id` int(11) NOT NULL,
  `mensaje_id` int(11) NOT NULL,
  `eliminado` tinyint(1) NOT NULL DEFAULT '0',
  PRIMARY KEY (`mensaje_eliminado_id`)
) ENGINE=InnoDB AUTO_INCREMENT=17 DEFAULT CHARSET=utf8;
/*!40101 SET character_set_client = @saved_cs_client */;

--
-- Dumping data for table `mensaje_eliminado`
--

LOCK TABLES `mensaje_eliminado` WRITE;
/*!40000 ALTER TABLE `mensaje_eliminado` DISABLE KEYS */;
INSERT INTO `mensaje_eliminado` VALUES (1,33,1,0),(2,34,1,0),(3,33,2,0),(4,34,2,0),(5,34,3,0),(6,36,3,0),(7,32,4,0),(8,34,5,0),(9,36,5,0),(10,37,5,0),(11,42,6,0),(12,34,6,0),(13,34,7,0),(14,36,7,0),(15,33,8,0),(16,33,9,0);
/*!40000 ALTER TABLE `mensaje_eliminado` ENABLE KEYS */;
UNLOCK TABLES;

--
-- Table structure for table `municipio`
--

DROP TABLE IF EXISTS `municipio`;
/*!40101 SET @saved_cs_client     = @@character_set_client */;
/*!40101 SET character_set_client = utf8 */;
CREATE TABLE `municipio` (
  `municipio_id` int(11) NOT NULL AUTO_INCREMENT,
  `municipio` varchar(60) NOT NULL,
  `departamento_id` int(11) NOT NULL,
  PRIMARY KEY (`municipio_id`)
) ENGINE=InnoDB AUTO_INCREMENT=154 DEFAULT CHARSET=utf8;
/*!40101 SET character_set_client = @saved_cs_client */;

--
-- Dumping data for table `municipio`
--

LOCK TABLES `municipio` WRITE;
/*!40000 ALTER TABLE `municipio` DISABLE KEYS */;
INSERT INTO `municipio` VALUES (1,'Ocotal',1),(2,'Mozonte',1),(3,'Dipilto',1),(4,'Jalapa',1),(5,'San Fernando',1),(6,'Estelí',2),(7,'Condega',2),(8,'La Trinidad',2),(10,'Sebaco',3),(11,'Somoto',4),(12,'Santa María',1),(13,'Macuelizo',1),(14,'Murra',1),(15,'Wiwili',1),(16,'El Jícaro',1),(17,'Ciudad Antigua',1),(18,'Quilali',1),(19,'Tuestepe',6),(20,'San José de los Remates',6),(21,'Santa Lucía',6),(22,'Boaco',6),(23,'Camoapa',6),(24,'San Lorenzo',6),(25,'San Marcos',7),(26,'Diriamba',7),(27,'Dolores',7),(28,'Jinotepe',7),(29,'El Rosario',7),(30,'La Paz',7),(31,'Santa Teresa',7),(32,'La Conquista',7),(33,'El Viejo',8),(34,'Puerto Morazán',8),(35,'Somotillo',8),(36,'Santo Tomás del Norte',8),(37,'Cinco Pinos',8),(38,'San Pedro del Norte',8),(39,'San Francisco del Norte',8),(40,'Corinto',8),(41,'Villanueva',8),(42,'Chinandega',8),(43,'Posoltega',8),(44,'Chichigalpa',8),(45,'El Realejo',8),(46,'Comalapa',9),(47,'Juigalpa',9),(48,'La Libertad',9),(49,'Santo Domingo',9),(50,'San Pedro de Lovago',9),(51,'Santo Tomás',9),(52,'El Rama',9),(53,'Villa Sandino',9),(54,'Acoyapa',9),(55,'Cuapa',9),(56,'El Coral',9),(57,'Mueye los Bueyes',9),(58,'Nueva Guinea',9),(59,'El Ayote',9),(60,'Pueblo Nuevo',2),(61,'San Juan de Limay',2),(62,'San Nicolás',2),(63,'Granada',10),(64,'Diriomo',10),(65,'Diriá',10),(66,'Nandaime',10),(67,'La Concordia',11),(68,'San Sebastían de Yalí',11),(69,'San Rafael del Norte',11),(70,'Jinotega',11),(71,'Santa María de Pantasma',11),(72,'Cuá Bocay',11),(73,'Wiwilí',11),(74,'Achuapa',12),(75,'El Sauce',12),(76,'Santa Rosa del Peñon',12),(77,'El Jicaral',12),(78,'Larreynaga-Malpaisillo',12),(79,'Telica',12),(80,'Quezalguaque',12),(81,'León',12),(82,'La Paz Centro',12),(83,'Nagarote',12),(84,'San José de Cusmapa',4),(85,'Las Sabanas',4),(86,'San Lucas',4),(87,'San Juan del Río Coco',4),(88,'Totogalpa',4),(89,'Yalaguina',4),(90,'Palacaguina',4),(91,'Telpaneca',4),(92,'San Fransico Libre',13),(93,'Tipitapa',13),(94,'Managua',13),(95,'San Rafael del Sur',13),(96,'Villa Carlos Fonseca',13),(97,'El Crucero',13),(98,'Mateare',13),(99,'Ciudad Sandino',13),(100,'Ticuantepe',13),(101,'Tisma',14),(102,'Masaya',14),(103,'Nindirí',14),(104,'La Concepción',14),(105,'Masatepe',14),(106,'Nandasmo',14),(107,'Niquinohomo',14),(108,'Catarina',14),(109,'San Juan de Oriente',14),(110,'Matagalpa',3),(111,'San Isidro',3),(112,'Ciudad Darío',3),(113,'Terrabona',3),(114,'San Dionisio',3),(115,'Esquipulas',3),(116,'Muy-Muy',3),(117,'San Ramón',3),(118,'Matiguás',3),(119,'Río Blanco',3),(120,'Rancho Grande',3),(121,'Tuma la Dalia',3),(122,'Waslala',15),(123,'Waspan',15),(124,'Puerto Cabezas',15),(125,'Prinzapolka',15),(126,'Bonanza',15),(127,'Siuna',15),(128,'Rosita',15),(129,'Bocana de Paiwas',5),(130,'La Cruz de Río Grande',5),(131,'Kukra Hill',5),(132,'Laguna de Perlas',5),(133,'Bluefields',5),(134,'Corn Island',5),(135,'El Tortuguero',5),(136,'Desembocadura Río Grande',5),(137,'Morrito',16),(138,'El Almendro',16),(139,'San Miguelito',16),(140,'San Carlos',16),(141,'El Castillo',16),(142,'San Juan del Norte',16),(143,'Tola',17),(144,'Belén',17),(145,'Potosí',17),(146,'Buenos Aires',17),(147,'San Jorge',17),(148,'Rivas',17),(149,'San Juan del Sur',17),(150,'Cardenas',17),(151,'Moyogalpa',17),(152,'Altagracia',17),(153,'Sin asignar',18);
/*!40000 ALTER TABLE `municipio` ENABLE KEYS */;
UNLOCK TABLES;

--
-- Table structure for table `persona`
--

DROP TABLE IF EXISTS `persona`;
/*!40101 SET @saved_cs_client     = @@character_set_client */;
/*!40101 SET character_set_client = utf8 */;
CREATE TABLE `persona` (
  `persona_id` int(11) NOT NULL AUTO_INCREMENT,
  `nombre` varchar(45) NOT NULL,
  `apellido` varchar(45) NOT NULL,
  `sexo` char(1) NOT NULL,
  `fecha_nacimiento` date DEFAULT NULL,
  PRIMARY KEY (`persona_id`)
) ENGINE=InnoDB AUTO_INCREMENT=42 DEFAULT CHARSET=utf8;
/*!40101 SET character_set_client = @saved_cs_client */;

--
-- Dumping data for table `persona`
--

LOCK TABLES `persona` WRITE;
/*!40000 ALTER TABLE `persona` DISABLE KEYS */;
INSERT INTO `persona` VALUES (39,'Luis Maria','Dicovsky','M','2016-05-18'),(40,'Miguel Angel','Castillo Cornejo','F','2016-05-18'),(41,'Jose Manuel','Poveda','M','2016-05-18');
/*!40000 ALTER TABLE `persona` ENABLE KEYS */;
UNLOCK TABLES;

--
-- Table structure for table `pregunta`
--

DROP TABLE IF EXISTS `pregunta`;
/*!40101 SET @saved_cs_client     = @@character_set_client */;
/*!40101 SET character_set_client = utf8 */;
CREATE TABLE `pregunta` (
  `pregunta_id` int(11) NOT NULL AUTO_INCREMENT,
  `encuesta_id` int(11) NOT NULL,
  `pregunta` varchar(300) NOT NULL,
  `texto_ayuda` varchar(100) DEFAULT NULL,
  `categoria_id` int(11) NOT NULL,
  PRIMARY KEY (`pregunta_id`)
) ENGINE=InnoDB DEFAULT CHARSET=utf8;
/*!40101 SET character_set_client = @saved_cs_client */;

--
-- Dumping data for table `pregunta`
--

LOCK TABLES `pregunta` WRITE;
/*!40000 ALTER TABLE `pregunta` DISABLE KEYS */;
/*!40000 ALTER TABLE `pregunta` ENABLE KEYS */;
UNLOCK TABLES;

--
-- Table structure for table `privacidad`
--

DROP TABLE IF EXISTS `privacidad`;
/*!40101 SET @saved_cs_client     = @@character_set_client */;
/*!40101 SET character_set_client = utf8 */;
CREATE TABLE `privacidad` (
  `privacidad_id` int(11) NOT NULL AUTO_INCREMENT,
  `usuario_id` int(11) DEFAULT NULL,
  `foto_perfil` enum('publica','empresas','privada') NOT NULL DEFAULT 'empresas',
  `info_contacto` enum('publica','empresas','privada') NOT NULL DEFAULT 'empresas',
  `info_ubicacion` enum('publica','empresas','privada') NOT NULL DEFAULT 'empresas',
  `info_curriculum` enum('publica','empresas','privada') NOT NULL DEFAULT 'empresas',
  `info_adicional` enum('publica','empresas','privada') NOT NULL DEFAULT 'empresas',
  PRIMARY KEY (`privacidad_id`)
) ENGINE=InnoDB AUTO_INCREMENT=19 DEFAULT CHARSET=utf8;
/*!40101 SET character_set_client = @saved_cs_client */;

--
-- Dumping data for table `privacidad`
--

LOCK TABLES `privacidad` WRITE;
/*!40000 ALTER TABLE `privacidad` DISABLE KEYS */;
INSERT INTO `privacidad` VALUES (18,41,'empresas','empresas','empresas','empresas','empresas');
/*!40000 ALTER TABLE `privacidad` ENABLE KEYS */;
UNLOCK TABLES;

--
-- Table structure for table `publicacion`
--

DROP TABLE IF EXISTS `publicacion`;
/*!40101 SET @saved_cs_client     = @@character_set_client */;
/*!40101 SET character_set_client = utf8 */;
CREATE TABLE `publicacion` (
  `publicacion_id` int(11) NOT NULL AUTO_INCREMENT,
  `usuario_id` int(11) NOT NULL,
  `imagen_publicacion_id` int(11) NOT NULL,
  `descripcion` mediumtext NOT NULL,
  `fecha_publicacion` date NOT NULL,
  `fecha_alta` date NOT NULL,
  `visible` tinyint(1) NOT NULL DEFAULT '0',
  PRIMARY KEY (`publicacion_id`)
) ENGINE=InnoDB AUTO_INCREMENT=81 DEFAULT CHARSET=utf8;
/*!40101 SET character_set_client = @saved_cs_client */;

--
-- Dumping data for table `publicacion`
--

LOCK TABLES `publicacion` WRITE;
/*!40000 ALTER TABLE `publicacion` DISABLE KEYS */;
/*!40000 ALTER TABLE `publicacion` ENABLE KEYS */;
UNLOCK TABLES;

--
-- Table structure for table `publicacion_carrera`
--

DROP TABLE IF EXISTS `publicacion_carrera`;
/*!40101 SET @saved_cs_client     = @@character_set_client */;
/*!40101 SET character_set_client = utf8 */;
CREATE TABLE `publicacion_carrera` (
  `publicacion_carrera_id` int(11) NOT NULL AUTO_INCREMENT,
  `publicacion_id` int(11) NOT NULL,
  `carrera_id` int(11) NOT NULL,
  `filtro` tinyint(1) DEFAULT NULL,
  PRIMARY KEY (`publicacion_carrera_id`)
) ENGINE=InnoDB AUTO_INCREMENT=358 DEFAULT CHARSET=utf8;
/*!40101 SET character_set_client = @saved_cs_client */;

--
-- Dumping data for table `publicacion_carrera`
--

LOCK TABLES `publicacion_carrera` WRITE;
/*!40000 ALTER TABLE `publicacion_carrera` DISABLE KEYS */;
INSERT INTO `publicacion_carrera` VALUES (4,16,1,1),(5,16,2,1),(6,16,3,1),(7,16,4,1),(8,17,1,0),(9,17,2,1),(10,17,3,0),(11,17,4,1),(12,18,1,0),(13,18,2,1),(14,18,3,0),(15,18,4,1),(16,2,1,1),(17,2,2,0),(18,2,3,1),(19,2,4,0),(20,6,1,0),(21,6,2,1),(22,6,3,0),(23,6,4,1),(24,8,1,1),(25,8,2,0),(26,8,3,1),(27,8,4,0),(28,9,1,0),(29,9,2,1),(30,9,3,0),(31,9,4,1),(32,10,1,1),(33,10,2,0),(34,10,3,1),(35,10,4,0),(36,11,1,1),(37,11,2,0),(38,11,3,1),(39,11,4,0),(40,12,1,1),(41,12,2,0),(42,12,3,1),(43,12,4,0),(44,16,1,0),(45,16,2,0),(46,16,3,0),(47,16,4,0),(48,17,1,0),(49,17,2,1),(50,17,3,0),(51,17,4,1),(52,18,1,0),(53,18,2,1),(54,18,3,0),(55,18,4,1),(56,19,1,1),(57,19,2,0),(58,19,3,1),(59,19,4,0),(60,20,1,1),(61,20,2,0),(62,20,3,1),(63,20,4,0),(64,21,1,0),(65,21,2,1),(66,21,3,0),(67,21,4,0),(68,22,1,0),(69,22,2,1),(70,22,3,1),(71,22,4,0),(72,23,1,1),(73,23,2,0),(74,23,3,1),(75,23,4,0),(76,24,1,1),(77,24,2,0),(78,24,3,1),(79,24,4,0),(80,25,1,0),(81,25,2,1),(82,25,3,1),(83,25,4,0),(84,26,1,0),(85,26,2,1),(86,26,3,1),(87,26,4,0),(88,27,1,1),(89,27,2,0),(90,27,3,1),(91,27,4,1),(92,28,1,0),(93,28,2,1),(94,28,3,1),(95,28,4,0),(96,29,1,1),(97,29,2,0),(98,29,3,0),(99,29,4,0),(100,30,1,1),(101,30,2,0),(102,30,3,1),(103,30,4,0),(104,31,1,0),(105,31,2,1),(106,31,3,0),(107,31,4,1),(108,32,1,0),(109,32,2,1),(110,32,3,1),(111,32,4,0),(112,33,1,1),(113,33,2,1),(114,33,3,0),(115,33,4,0),(116,34,1,0),(117,34,2,0),(118,34,3,1),(119,34,4,1),(120,35,1,1),(121,35,2,1),(122,35,3,1),(123,35,4,1),(124,35,1,1),(125,35,2,1),(126,35,3,1),(127,35,4,1),(128,36,1,1),(129,36,2,0),(130,36,3,1),(131,36,4,0),(132,37,1,0),(133,37,2,1),(134,37,3,1),(135,37,4,0),(136,38,1,1),(137,38,2,1),(138,38,3,0),(139,38,4,0),(140,39,1,0),(141,39,2,1),(142,39,3,1),(143,39,4,0),(144,40,1,1),(145,40,2,0),(146,40,3,1),(147,40,4,0),(148,41,1,1),(149,41,2,0),(150,41,3,0),(151,41,4,0),(152,42,1,0),(153,42,2,1),(154,42,3,0),(155,42,4,0),(156,43,1,1),(157,43,2,0),(158,43,3,0),(159,43,4,1),(160,44,1,0),(161,44,2,1),(162,44,3,0),(163,44,4,0),(164,45,1,1),(165,45,2,1),(166,45,3,0),(167,45,4,0),(168,46,1,0),(169,46,2,1),(170,46,3,1),(171,46,4,0),(172,48,1,1),(173,48,2,1),(174,48,3,1),(175,48,4,0),(176,49,1,1),(177,49,2,1),(178,49,3,0),(179,49,4,0),(180,50,1,0),(181,50,2,1),(182,50,3,0),(183,50,4,0),(184,51,1,0),(185,51,2,1),(186,51,3,1),(187,51,4,0),(188,52,1,0),(189,52,2,1),(190,52,3,0),(191,52,4,0),(192,52,5,0),(193,53,1,1),(194,53,2,1),(195,53,3,0),(196,53,4,0),(197,53,5,1),(198,48,5,0),(199,54,1,0),(200,54,2,0),(201,54,3,1),(202,54,4,1),(203,54,5,0),(204,55,1,0),(205,55,2,0),(206,55,3,1),(207,55,4,1),(208,55,5,0),(209,56,1,0),(210,56,2,0),(211,56,3,1),(212,56,4,1),(213,56,5,0),(214,57,1,0),(215,57,2,0),(216,57,3,1),(217,57,4,1),(218,57,5,0),(219,58,1,0),(220,58,2,0),(221,58,3,1),(222,58,4,1),(223,58,5,0),(224,59,1,0),(225,59,2,0),(226,59,3,1),(227,59,4,1),(228,59,5,0),(229,60,1,0),(230,60,2,0),(231,60,3,1),(232,60,4,1),(233,60,5,0),(234,61,1,0),(235,61,2,0),(236,61,3,1),(237,61,4,1),(238,61,5,0),(239,62,1,0),(240,62,2,0),(241,62,3,1),(242,62,4,1),(243,62,5,0),(244,63,1,1),(245,63,2,1),(246,63,3,0),(247,63,4,0),(248,63,5,0),(249,64,1,0),(250,64,2,0),(251,64,3,0),(252,64,4,0),(253,64,5,0),(254,66,1,0),(255,66,2,0),(256,66,3,0),(257,66,4,0),(258,66,5,0),(259,67,1,0),(260,67,2,0),(261,67,3,0),(262,67,4,0),(263,67,5,0),(264,68,1,0),(265,68,2,0),(266,68,3,0),(267,68,4,0),(268,68,5,0),(269,69,1,0),(270,69,2,0),(271,69,3,0),(272,69,4,0),(273,69,5,0),(274,70,1,0),(275,70,2,1),(276,70,3,1),(277,70,4,0),(278,70,5,0),(279,71,1,0),(280,71,2,1),(281,71,3,0),(282,71,4,0),(283,71,5,0),(284,51,5,1),(285,72,1,0),(286,72,2,1),(287,72,3,0),(288,72,4,0),(289,72,5,0),(290,73,1,0),(291,73,2,1),(292,73,3,0),(293,73,4,0),(294,73,5,0),(295,71,1,0),(296,71,2,1),(297,71,3,0),(298,71,4,0),(299,71,5,0),(300,71,1,0),(301,71,2,1),(302,71,3,0),(303,71,4,0),(304,71,5,0),(305,71,13,0),(306,71,14,0),(307,72,1,0),(308,72,2,1),(309,72,3,0),(310,72,4,0),(311,72,5,0),(312,72,13,0),(313,72,14,0),(314,73,1,0),(315,73,2,1),(316,73,3,0),(317,73,4,0),(318,73,5,0),(319,73,13,0),(320,73,14,0),(321,74,1,1),(322,74,2,0),(323,74,3,0),(324,74,4,0),(325,74,5,0),(326,74,13,0),(327,74,14,0),(328,75,1,0),(329,75,2,1),(330,75,3,1),(331,75,4,0),(332,75,5,0),(333,76,1,0),(334,76,2,1),(335,76,3,0),(336,76,4,0),(337,76,5,0),(338,77,1,1),(339,77,2,0),(340,77,3,0),(341,77,4,0),(342,77,5,0),(343,78,1,0),(344,78,2,1),(345,78,3,0),(346,78,4,0),(347,78,5,0),(348,79,1,1),(349,79,2,1),(350,79,3,0),(351,79,4,0),(352,79,5,0),(353,80,1,0),(354,80,2,1),(355,80,3,0),(356,80,4,0),(357,80,5,0);
/*!40000 ALTER TABLE `publicacion_carrera` ENABLE KEYS */;
UNLOCK TABLES;

--
-- Table structure for table `publicador`
--

DROP TABLE IF EXISTS `publicador`;
/*!40101 SET @saved_cs_client     = @@character_set_client */;
/*!40101 SET character_set_client = utf8 */;
CREATE TABLE `publicador` (
  `publicador_id` int(11) NOT NULL AUTO_INCREMENT,
  `persona_id` int(11) NOT NULL,
  `cargo_id` int(11) NOT NULL,
  `usuario_id` int(11) DEFAULT NULL,
  PRIMARY KEY (`publicador_id`)
) ENGINE=InnoDB AUTO_INCREMENT=9 DEFAULT CHARSET=utf8;
/*!40101 SET character_set_client = @saved_cs_client */;

--
-- Dumping data for table `publicador`
--

LOCK TABLES `publicador` WRITE;
/*!40000 ALTER TABLE `publicador` DISABLE KEYS */;
INSERT INTO `publicador` VALUES (3,4,1,4),(4,16,1,19),(5,30,26,35),(6,33,26,38),(7,34,26,39),(8,41,26,43);
/*!40000 ALTER TABLE `publicador` ENABLE KEYS */;
UNLOCK TABLES;

--
-- Table structure for table `respuesta`
--

DROP TABLE IF EXISTS `respuesta`;
/*!40101 SET @saved_cs_client     = @@character_set_client */;
/*!40101 SET character_set_client = utf8 */;
CREATE TABLE `respuesta` (
  `respuesta_id` int(11) NOT NULL AUTO_INCREMENT,
  `resultado_id` int(11) NOT NULL,
  `pregunta_id` int(11) NOT NULL,
  PRIMARY KEY (`respuesta_id`)
) ENGINE=InnoDB DEFAULT CHARSET=utf8;
/*!40101 SET character_set_client = @saved_cs_client */;

--
-- Dumping data for table `respuesta`
--

LOCK TABLES `respuesta` WRITE;
/*!40000 ALTER TABLE `respuesta` DISABLE KEYS */;
/*!40000 ALTER TABLE `respuesta` ENABLE KEYS */;
UNLOCK TABLES;

--
-- Table structure for table `respuesta_abierta`
--

DROP TABLE IF EXISTS `respuesta_abierta`;
/*!40101 SET @saved_cs_client     = @@character_set_client */;
/*!40101 SET character_set_client = utf8 */;
CREATE TABLE `respuesta_abierta` (
  `respuesta_abierta_id` int(11) NOT NULL AUTO_INCREMENT,
  `respuesta_id` int(11) NOT NULL,
  `respuesta` tinytext NOT NULL,
  PRIMARY KEY (`respuesta_abierta_id`)
) ENGINE=InnoDB DEFAULT CHARSET=utf8;
/*!40101 SET character_set_client = @saved_cs_client */;

--
-- Dumping data for table `respuesta_abierta`
--

LOCK TABLES `respuesta_abierta` WRITE;
/*!40000 ALTER TABLE `respuesta_abierta` DISABLE KEYS */;
/*!40000 ALTER TABLE `respuesta_abierta` ENABLE KEYS */;
UNLOCK TABLES;

--
-- Table structure for table `respuesta_cerrada`
--

DROP TABLE IF EXISTS `respuesta_cerrada`;
/*!40101 SET @saved_cs_client     = @@character_set_client */;
/*!40101 SET character_set_client = utf8 */;
CREATE TABLE `respuesta_cerrada` (
  `respuesta_cerrada_id` int(11) NOT NULL AUTO_INCREMENT,
  `respuesta_id` int(11) NOT NULL,
  `valor` tinyint(1) NOT NULL,
  PRIMARY KEY (`respuesta_cerrada_id`)
) ENGINE=InnoDB DEFAULT CHARSET=utf8;
/*!40101 SET character_set_client = @saved_cs_client */;

--
-- Dumping data for table `respuesta_cerrada`
--

LOCK TABLES `respuesta_cerrada` WRITE;
/*!40000 ALTER TABLE `respuesta_cerrada` DISABLE KEYS */;
/*!40000 ALTER TABLE `respuesta_cerrada` ENABLE KEYS */;
UNLOCK TABLES;

--
-- Table structure for table `respuesta_seleccionada`
--

DROP TABLE IF EXISTS `respuesta_seleccionada`;
/*!40101 SET @saved_cs_client     = @@character_set_client */;
/*!40101 SET character_set_client = utf8 */;
CREATE TABLE `respuesta_seleccionada` (
  `respuesta_seleccionada_id` int(11) NOT NULL AUTO_INCREMENT,
  `respuesta_id` int(11) NOT NULL,
  `respuesta_sugerida_id` int(11) NOT NULL,
  PRIMARY KEY (`respuesta_seleccionada_id`)
) ENGINE=InnoDB DEFAULT CHARSET=utf8;
/*!40101 SET character_set_client = @saved_cs_client */;

--
-- Dumping data for table `respuesta_seleccionada`
--

LOCK TABLES `respuesta_seleccionada` WRITE;
/*!40000 ALTER TABLE `respuesta_seleccionada` DISABLE KEYS */;
/*!40000 ALTER TABLE `respuesta_seleccionada` ENABLE KEYS */;
UNLOCK TABLES;

--
-- Table structure for table `respuesta_sugerida`
--

DROP TABLE IF EXISTS `respuesta_sugerida`;
/*!40101 SET @saved_cs_client     = @@character_set_client */;
/*!40101 SET character_set_client = utf8 */;
CREATE TABLE `respuesta_sugerida` (
  `respuesta_sugerida_id` int(11) NOT NULL AUTO_INCREMENT,
  `pregunta_id` int(11) NOT NULL,
  `opcion` varchar(100) NOT NULL,
  PRIMARY KEY (`respuesta_sugerida_id`)
) ENGINE=InnoDB DEFAULT CHARSET=utf8;
/*!40101 SET character_set_client = @saved_cs_client */;

--
-- Dumping data for table `respuesta_sugerida`
--

LOCK TABLES `respuesta_sugerida` WRITE;
/*!40000 ALTER TABLE `respuesta_sugerida` DISABLE KEYS */;
/*!40000 ALTER TABLE `respuesta_sugerida` ENABLE KEYS */;
UNLOCK TABLES;

--
-- Table structure for table `resultado`
--

DROP TABLE IF EXISTS `resultado`;
/*!40101 SET @saved_cs_client     = @@character_set_client */;
/*!40101 SET character_set_client = utf8 */;
CREATE TABLE `resultado` (
  `resultado_id` int(11) NOT NULL AUTO_INCREMENT,
  `encuesta_id` int(11) NOT NULL,
  `egresado_id` int(11) NOT NULL,
  PRIMARY KEY (`resultado_id`)
) ENGINE=InnoDB DEFAULT CHARSET=utf8;
/*!40101 SET character_set_client = @saved_cs_client */;

--
-- Dumping data for table `resultado`
--

LOCK TABLES `resultado` WRITE;
/*!40000 ALTER TABLE `resultado` DISABLE KEYS */;
/*!40000 ALTER TABLE `resultado` ENABLE KEYS */;
UNLOCK TABLES;

--
-- Table structure for table `sociedad`
--

DROP TABLE IF EXISTS `sociedad`;
/*!40101 SET @saved_cs_client     = @@character_set_client */;
/*!40101 SET character_set_client = utf8 */;
CREATE TABLE `sociedad` (
  `sociedad_id` int(11) NOT NULL AUTO_INCREMENT,
  `sociedad` varchar(40) NOT NULL,
  PRIMARY KEY (`sociedad_id`)
) ENGINE=InnoDB DEFAULT CHARSET=utf8;
/*!40101 SET character_set_client = @saved_cs_client */;

--
-- Dumping data for table `sociedad`
--

LOCK TABLES `sociedad` WRITE;
/*!40000 ALTER TABLE `sociedad` DISABLE KEYS */;
/*!40000 ALTER TABLE `sociedad` ENABLE KEYS */;
UNLOCK TABLES;

--
-- Table structure for table `titulo`
--

DROP TABLE IF EXISTS `titulo`;
/*!40101 SET @saved_cs_client     = @@character_set_client */;
/*!40101 SET character_set_client = utf8 */;
CREATE TABLE `titulo` (
  `titulo_id` int(11) NOT NULL AUTO_INCREMENT,
  `titulo` varchar(45) DEFAULT NULL,
  PRIMARY KEY (`titulo_id`)
) ENGINE=InnoDB AUTO_INCREMENT=3 DEFAULT CHARSET=utf8;
/*!40101 SET character_set_client = @saved_cs_client */;

--
-- Dumping data for table `titulo`
--

LOCK TABLES `titulo` WRITE;
/*!40000 ALTER TABLE `titulo` DISABLE KEYS */;
INSERT INTO `titulo` VALUES (1,'Titulo de ingeniero de sistemas'),(2,'Titulo de ingeniero civil');
/*!40000 ALTER TABLE `titulo` ENABLE KEYS */;
UNLOCK TABLES;

--
-- Table structure for table `usuario`
--

DROP TABLE IF EXISTS `usuario`;
/*!40101 SET @saved_cs_client     = @@character_set_client */;
/*!40101 SET character_set_client = utf8 */;
CREATE TABLE `usuario` (
  `usuario_id` int(11) NOT NULL AUTO_INCREMENT,
  `correo` varchar(45) DEFAULT NULL,
  `clave` varchar(100) DEFAULT NULL,
  `ultima_sesion` datetime DEFAULT NULL,
  `activo` tinyint(1) NOT NULL DEFAULT '0',
  `imagen` varchar(50) DEFAULT NULL,
  PRIMARY KEY (`usuario_id`)
) ENGINE=InnoDB AUTO_INCREMENT=44 DEFAULT CHARSET=utf8;
/*!40101 SET character_set_client = @saved_cs_client */;

--
-- Dumping data for table `usuario`
--

LOCK TABLES `usuario` WRITE;
/*!40000 ALTER TABLE `usuario` DISABLE KEYS */;
INSERT INTO `usuario` VALUES (40,'scseuninorte@gmail.com','QXJkuRPSBACf+txAHcpbKLDhYA+nYYg8s6Wj22U6DpE=','2016-05-18 00:00:00',1,'default/male.jpg'),(41,'mikedosce1992@gmail.com','QXJkuRPSBACf+txAHcpbKLDhYA+nYYg8s6Wj22U6DpE=','2016-05-18 00:00:00',1,'default/female.jpg'),(42,'uni_norte@gmail.com','QXJkuRPSBACf+txAHcpbKLDhYA+nYYg8s6Wj22U6DpE=','2016-05-18 00:00:00',1,'dist/img/no_image.gif'),(43,'jmpov441@gmail.com','QXJkuRPSBACf+txAHcpbKLDhYA+nYYg8s6Wj22U6DpE=','2016-05-18 00:00:00',1,'default/male.jpg');
/*!40000 ALTER TABLE `usuario` ENABLE KEYS */;
UNLOCK TABLES;

--
-- Dumping events for database 'scse'
--

--
-- Dumping routines for database 'scse'
--
/*!50003 DROP FUNCTION IF EXISTS `detectar_usuario` */;
/*!50003 SET @saved_cs_client      = @@character_set_client */ ;
/*!50003 SET @saved_cs_results     = @@character_set_results */ ;
/*!50003 SET @saved_col_connection = @@collation_connection */ ;
/*!50003 SET character_set_client  = utf8 */ ;
/*!50003 SET character_set_results = utf8 */ ;
/*!50003 SET collation_connection  = utf8_general_ci */ ;
/*!50003 SET @saved_sql_mode       = @@sql_mode */ ;
/*!50003 SET sql_mode              = 'STRICT_TRANS_TABLES,NO_AUTO_CREATE_USER,NO_ENGINE_SUBSTITUTION' */ ;
DELIMITER ;;
CREATE DEFINER=`root`@`localhost` FUNCTION `detectar_usuario`(idusuario int) RETURNS double
BEGIN
	
    if(exists(select * from egresado where egresado.usuario_id = idusuario)) then
		
        #REGRESA EL NOMBRE DE EL EGRESADO
        return (select (nombre, " ", apellido),imagen as nombre from registro_egresados where usuario_id = idusuario);
        
	elseif(exists(select * from empresa where empresa.usuario_ud = usuario_id)) then
		
        #REGRESA EL NOMBRE DE LA EMPRESA
		return (select nombre_empresa as nombre,imagen from registro_empresas where usuario_id = idusuario);
	
    elseif(exists(select * from registro_publicadores where publicador.usuario_ud = usuario_id)) then
		
         #REGRESA EL NOMBRE DE EL PUBLICADOR
		return  (select (nombre, " ", apellido) as nombre,imagen from registro_publicadores where usuario_id = idusuario);
	
    elseif(exists(select * from admin where admin.usuario_ud = usuario_id)) then
		
         #REGRESA EL NOMBRE DE EL ADMINISTRADOR
        return "";
    else
		return null;
    end if;
    
RETURN 1;
END ;;
DELIMITER ;
/*!50003 SET sql_mode              = @saved_sql_mode */ ;
/*!50003 SET character_set_client  = @saved_cs_client */ ;
/*!50003 SET character_set_results = @saved_cs_results */ ;
/*!50003 SET collation_connection  = @saved_col_connection */ ;
/*!50003 DROP PROCEDURE IF EXISTS `actualizar_sesion` */;
/*!50003 SET @saved_cs_client      = @@character_set_client */ ;
/*!50003 SET @saved_cs_results     = @@character_set_results */ ;
/*!50003 SET @saved_col_connection = @@collation_connection */ ;
/*!50003 SET character_set_client  = utf8 */ ;
/*!50003 SET character_set_results = utf8 */ ;
/*!50003 SET collation_connection  = utf8_general_ci */ ;
/*!50003 SET @saved_sql_mode       = @@sql_mode */ ;
/*!50003 SET sql_mode              = 'STRICT_TRANS_TABLES,NO_AUTO_CREATE_USER,NO_ENGINE_SUBSTITUTION' */ ;
DELIMITER ;;
CREATE DEFINER=`root`@`localhost` PROCEDURE `actualizar_sesion`(pusuario_id int)
BEGIN
	update usuario set ultima_sesion = now() where usuario.usuario_id=pusuario_id;
END ;;
DELIMITER ;
/*!50003 SET sql_mode              = @saved_sql_mode */ ;
/*!50003 SET character_set_client  = @saved_cs_client */ ;
/*!50003 SET character_set_results = @saved_cs_results */ ;
/*!50003 SET collation_connection  = @saved_col_connection */ ;
/*!50003 DROP PROCEDURE IF EXISTS `eliminar_ficha` */;
/*!50003 SET @saved_cs_client      = @@character_set_client */ ;
/*!50003 SET @saved_cs_results     = @@character_set_results */ ;
/*!50003 SET @saved_col_connection = @@collation_connection */ ;
/*!50003 SET character_set_client  = utf8 */ ;
/*!50003 SET character_set_results = utf8 */ ;
/*!50003 SET collation_connection  = utf8_general_ci */ ;
/*!50003 SET @saved_sql_mode       = @@sql_mode */ ;
/*!50003 SET sql_mode              = 'STRICT_TRANS_TABLES,NO_AUTO_CREATE_USER,NO_ENGINE_SUBSTITUTION' */ ;
DELIMITER ;;
CREATE DEFINER=`root`@`localhost` PROCEDURE `eliminar_ficha`(p_ficha_id int)
BEGIN
DECLARE id int;

	set id = (select publicacion_id from publicacion,ficha where ficha.publicacion_id=publicacion.publiacion_id);
	
    delete from ficha where ficha_id = p_ficha_id;
    delete from publicacion where publicacion_id = id;

END ;;
DELIMITER ;
/*!50003 SET sql_mode              = @saved_sql_mode */ ;
/*!50003 SET character_set_client  = @saved_cs_client */ ;
/*!50003 SET character_set_results = @saved_cs_results */ ;
/*!50003 SET collation_connection  = @saved_col_connection */ ;
/*!50003 DROP PROCEDURE IF EXISTS `insertar_mensaje` */;
/*!50003 SET @saved_cs_client      = @@character_set_client */ ;
/*!50003 SET @saved_cs_results     = @@character_set_results */ ;
/*!50003 SET @saved_col_connection = @@collation_connection */ ;
/*!50003 SET character_set_client  = utf8 */ ;
/*!50003 SET character_set_results = utf8 */ ;
/*!50003 SET collation_connection  = utf8_general_ci */ ;
/*!50003 SET @saved_sql_mode       = @@sql_mode */ ;
/*!50003 SET sql_mode              = 'STRICT_TRANS_TABLES,NO_AUTO_CREATE_USER,NO_ENGINE_SUBSTITUTION' */ ;
DELIMITER ;;
CREATE DEFINER=`root`@`localhost` PROCEDURE `insertar_mensaje`(p_remitente int,p_destinatario int,p_asunto varchar(60),p_mensaje tinytext,p_borrador bit)
BEGIN
	insert into mensaje(remitente,destinatario,asunto,mensaje,borrador,visto,fecha_envio)
    values
    (p_remitente,p_destinatario,p_asunto,p_mensaje,p_borrador,FALSE,curdate());
    
END ;;
DELIMITER ;
/*!50003 SET sql_mode              = @saved_sql_mode */ ;
/*!50003 SET character_set_client  = @saved_cs_client */ ;
/*!50003 SET character_set_results = @saved_cs_results */ ;
/*!50003 SET collation_connection  = @saved_col_connection */ ;

--
-- Final view structure for view `listar_admins`
--

/*!50001 DROP VIEW IF EXISTS `listar_admins`*/;
/*!50001 SET @saved_cs_client          = @@character_set_client */;
/*!50001 SET @saved_cs_results         = @@character_set_results */;
/*!50001 SET @saved_col_connection     = @@collation_connection */;
/*!50001 SET character_set_client      = utf8 */;
/*!50001 SET character_set_results     = utf8 */;
/*!50001 SET collation_connection      = utf8_general_ci */;
/*!50001 CREATE ALGORITHM=UNDEFINED */
/*!50013 DEFINER=`root`@`localhost` SQL SECURITY DEFINER */
/*!50001 VIEW `listar_admins` AS select `persona`.`nombre` AS `nombre`,`persona`.`apellido` AS `apellido`,`persona`.`sexo` AS `sexo`,`persona`.`fecha_nacimiento` AS `fecha_nacimiento`,`usuario`.`correo` AS `correo`,`usuario`.`ultima_sesion` AS `ultima_sesion`,`usuario`.`activo` AS `activo`,`usuario`.`clave` AS `clave`,`usuario`.`imagen` AS `imagen`,`usuario`.`usuario_id` AS `usuario_id`,`persona`.`persona_id` AS `persona_id`,`admin`.`admin_id` AS `admin_id` from ((`usuario` join `persona`) join `admin`) where ((`usuario`.`usuario_id` = `admin`.`usuario_id`) and (`persona`.`persona_id` = `admin`.`persona_id`)) */;
/*!50001 SET character_set_client      = @saved_cs_client */;
/*!50001 SET character_set_results     = @saved_cs_results */;
/*!50001 SET collation_connection      = @saved_col_connection */;

--
-- Final view structure for view `listar_becas`
--

/*!50001 DROP VIEW IF EXISTS `listar_becas`*/;
/*!50001 SET @saved_cs_client          = @@character_set_client */;
/*!50001 SET @saved_cs_results         = @@character_set_results */;
/*!50001 SET @saved_col_connection     = @@collation_connection */;
/*!50001 SET character_set_client      = utf8 */;
/*!50001 SET character_set_results     = utf8 */;
/*!50001 SET collation_connection      = utf8_general_ci */;
/*!50001 CREATE ALGORITHM=UNDEFINED */
/*!50013 DEFINER=`root`@`localhost` SQL SECURITY DEFINER */
/*!50001 VIEW `listar_becas` AS select `publicacion`.`usuario_id` AS `usuario_id`,`publicacion`.`publicacion_id` AS `publicacion_id`,`publicacion`.`descripcion` AS `descripcion`,`publicacion`.`fecha_alta` AS `fecha_alta`,`publicacion`.`fecha_publicacion` AS `fecha_publicacion`,`publicacion`.`visible` AS `visible`,`beca`.`beca_id` AS `beca_id`,`beca`.`programa_academico` AS `programa_academico`,`beca`.`url` AS `url`,`imagen_publicacion`.`imagen_publicacion_id` AS `imagen_publicacion_id`,`imagen_publicacion`.`imagen` AS `imagen`,`imagen_publicacion`.`tipo` AS `tipo` from ((`publicacion` join `imagen_publicacion`) join `beca`) where ((`publicacion`.`publicacion_id` = `beca`.`publicacion_id`) and (`imagen_publicacion`.`imagen_publicacion_id` = `publicacion`.`imagen_publicacion_id`)) */;
/*!50001 SET character_set_client      = @saved_cs_client */;
/*!50001 SET character_set_results     = @saved_cs_results */;
/*!50001 SET collation_connection      = @saved_col_connection */;

--
-- Final view structure for view `listar_cursos`
--

/*!50001 DROP VIEW IF EXISTS `listar_cursos`*/;
/*!50001 SET @saved_cs_client          = @@character_set_client */;
/*!50001 SET @saved_cs_results         = @@character_set_results */;
/*!50001 SET @saved_col_connection     = @@collation_connection */;
/*!50001 SET character_set_client      = utf8 */;
/*!50001 SET character_set_results     = utf8 */;
/*!50001 SET collation_connection      = utf8_general_ci */;
/*!50001 CREATE ALGORITHM=UNDEFINED */
/*!50013 DEFINER=`root`@`localhost` SQL SECURITY DEFINER */
/*!50001 VIEW `listar_cursos` AS select distinct `publicacion`.`publicacion_id` AS `publicacion_id`,`publicacion`.`usuario_id` AS `usuario_id`,`publicacion`.`descripcion` AS `descripcion`,`publicacion`.`fecha_alta` AS `fecha_alta`,`publicacion`.`fecha_publicacion` AS `fecha_publicacion`,`publicacion`.`visible` AS `visible`,`curso`.`curso_id` AS `curso_id`,`curso`.`nombre_curso` AS `nombre_curso`,`curso`.`costo` AS `costo`,`curso`.`duracion` AS `duracion`,`curso`.`libre` AS `libre`,`curso`.`inicio` AS `inicio`,`publicacion`.`imagen_publicacion_id` AS `imagen_publicacion_id`,`imagen_publicacion`.`imagen` AS `imagen`,`imagen_publicacion`.`tipo` AS `tipo` from ((`publicacion` join `curso`) join `imagen_publicacion`) where ((`publicacion`.`publicacion_id` = `curso`.`publicacion_id`) and (`imagen_publicacion`.`imagen_publicacion_id` = `publicacion`.`imagen_publicacion_id`)) */;
/*!50001 SET character_set_client      = @saved_cs_client */;
/*!50001 SET character_set_results     = @saved_cs_results */;
/*!50001 SET collation_connection      = @saved_col_connection */;

--
-- Final view structure for view `listar_drafts`
--

/*!50001 DROP VIEW IF EXISTS `listar_drafts`*/;
/*!50001 SET @saved_cs_client          = @@character_set_client */;
/*!50001 SET @saved_cs_results         = @@character_set_results */;
/*!50001 SET @saved_col_connection     = @@collation_connection */;
/*!50001 SET character_set_client      = utf8 */;
/*!50001 SET character_set_results     = utf8 */;
/*!50001 SET collation_connection      = utf8_general_ci */;
/*!50001 CREATE ALGORITHM=UNDEFINED */
/*!50013 DEFINER=`root`@`localhost` SQL SECURITY DEFINER */
/*!50001 VIEW `listar_drafts` AS select `mensaje`.`mensaje_id` AS `mensaje_id`,`mensaje`.`usuario_id` AS `usuario_id`,`mensaje`.`asunto` AS `asunto`,`mensaje`.`mensaje` AS `mensaje`,`mensaje`.`curr_adjuntado` AS `curr_adjuntado`,date_format(`mensaje_borrador`.`fecha_creacion`,'%d/%m/%Y') AS `fecha_creacion` from (`mensaje` join `mensaje_borrador`) where (`mensaje`.`mensaje_id` = `mensaje_borrador`.`mensaje_id`) */;
/*!50001 SET character_set_client      = @saved_cs_client */;
/*!50001 SET character_set_results     = @saved_cs_results */;
/*!50001 SET collation_connection      = @saved_col_connection */;

--
-- Final view structure for view `listar_egresados`
--

/*!50001 DROP VIEW IF EXISTS `listar_egresados`*/;
/*!50001 SET @saved_cs_client          = @@character_set_client */;
/*!50001 SET @saved_cs_results         = @@character_set_results */;
/*!50001 SET @saved_col_connection     = @@collation_connection */;
/*!50001 SET character_set_client      = utf8 */;
/*!50001 SET character_set_results     = utf8 */;
/*!50001 SET collation_connection      = utf8_general_ci */;
/*!50001 CREATE ALGORITHM=UNDEFINED */
/*!50013 DEFINER=`root`@`localhost` SQL SECURITY DEFINER */
/*!50001 VIEW `listar_egresados` AS select `usuario`.`imagen` AS `imagen`,`usuario`.`correo` AS `correo`,`usuario`.`clave` AS `clave`,`usuario`.`ultima_sesion` AS `ultima_sesion`,`usuario`.`activo` AS `activo`,`egresado`.`carnet` AS `carnet`,`egresado`.`cedula` AS `cedula`,`egresado`.`titulado` AS `titulado`,`egresado`.`trabaja` AS `trabaja`,`egresado`.`fecha_egresado` AS `fecha_egresado`,`persona`.`nombre` AS `nombre`,`persona`.`apellido` AS `apellido`,`persona`.`sexo` AS `sexo`,`persona`.`fecha_nacimiento` AS `fecha_nacimiento`,`carrera`.`nombre_carrera` AS `nombre_carrera`,`contacto`.`telefono` AS `telefono`,`contacto`.`celular` AS `celular`,`contacto`.`direccion` AS `direccion`,`departamento`.`departamento` AS `departamento`,`municipio`.`municipio` AS `municipio`,`persona`.`persona_id` AS `persona_id`,`contacto`.`contacto_id` AS `contacto_id`,`usuario`.`usuario_id` AS `usuario_id`,`egresado`.`egresado_id` AS `egresado_id`,`municipio`.`municipio_id` AS `municipio_id`,`carrera`.`carrera_id` AS `carrera_id`,`carrera`.`nombre_carrera` AS `carrera`,`departamento`.`departamento_id` AS `departamento_id` from ((((((`egresado` join `usuario`) join `persona`) join `contacto`) join `municipio`) join `departamento`) join `carrera`) where ((`egresado`.`usuario_id` = `usuario`.`usuario_id`) and (`egresado`.`persona_id` = `persona`.`persona_id`) and (`egresado`.`contacto_id` = `contacto`.`contacto_id`) and (`departamento`.`departamento_id` = `municipio`.`departamento_id`) and (`municipio`.`municipio_id` = `contacto`.`municipio_id`) and (`carrera`.`carrera_id` = `egresado`.`carrera_id`)) */;
/*!50001 SET character_set_client      = @saved_cs_client */;
/*!50001 SET character_set_results     = @saved_cs_results */;
/*!50001 SET collation_connection      = @saved_col_connection */;

--
-- Final view structure for view `listar_empresas`
--

/*!50001 DROP VIEW IF EXISTS `listar_empresas`*/;
/*!50001 SET @saved_cs_client          = @@character_set_client */;
/*!50001 SET @saved_cs_results         = @@character_set_results */;
/*!50001 SET @saved_col_connection     = @@collation_connection */;
/*!50001 SET character_set_client      = utf8 */;
/*!50001 SET character_set_results     = utf8 */;
/*!50001 SET collation_connection      = utf8_general_ci */;
/*!50001 CREATE ALGORITHM=UNDEFINED */
/*!50013 DEFINER=`root`@`localhost` SQL SECURITY DEFINER */
/*!50001 VIEW `listar_empresas` AS select `empresa`.`nombre_empresa` AS `nombre_empresa`,`empresa`.`ruc` AS `ruc`,`sociedad`.`sociedad` AS `sociedad`,`empresa`.`mision` AS `mision`,`empresa`.`ocupacion` AS `ocupacion`,`empresa`.`vision` AS `vision`,`empresa`.`sitio_web` AS `sitio_web`,`usuario`.`imagen` AS `imagen`,`usuario`.`correo` AS `correo`,`usuario`.`clave` AS `clave`,`empresa`.`autenticada` AS `autenticada`,`contacto`.`telefono` AS `telefono`,`contacto`.`celular` AS `celular`,`contacto`.`direccion` AS `direccion`,`municipio`.`municipio` AS `municipio`,`departamento`.`departamento` AS `departamento`,`usuario`.`activo` AS `activo`,`usuario`.`ultima_sesion` AS `ultima_sesion`,`empresa`.`empresa_id` AS `empresa_id`,`contacto`.`contacto_id` AS `contacto_id`,`usuario`.`usuario_id` AS `usuario_id`,`sociedad`.`sociedad_id` AS `sociedad_id`,`departamento`.`departamento_id` AS `departamento_id`,`municipio`.`municipio_id` AS `municipio_id` from ((((`departamento` join `municipio`) join `contacto`) join `usuario`) join (`empresa` left join `sociedad` on((`sociedad`.`sociedad_id` = `empresa`.`sociedad_id`)))) where ((`empresa`.`contacto_id` = `contacto`.`contacto_id`) and (`contacto`.`municipio_id` = `municipio`.`municipio_id`) and (`departamento`.`departamento_id` = `municipio`.`departamento_id`) and (`usuario`.`usuario_id` = `empresa`.`usuario_id`)) */;
/*!50001 SET character_set_client      = @saved_cs_client */;
/*!50001 SET character_set_results     = @saved_cs_results */;
/*!50001 SET collation_connection      = @saved_col_connection */;

--
-- Final view structure for view `listar_fichas`
--

/*!50001 DROP VIEW IF EXISTS `listar_fichas`*/;
/*!50001 SET @saved_cs_client          = @@character_set_client */;
/*!50001 SET @saved_cs_results         = @@character_set_results */;
/*!50001 SET @saved_col_connection     = @@collation_connection */;
/*!50001 SET character_set_client      = utf8 */;
/*!50001 SET character_set_results     = utf8 */;
/*!50001 SET collation_connection      = utf8_general_ci */;
/*!50001 CREATE ALGORITHM=UNDEFINED */
/*!50013 DEFINER=`root`@`localhost` SQL SECURITY DEFINER */
/*!50001 VIEW `listar_fichas` AS select `publicacion`.`publicacion_id` AS `publicacion_id`,`publicacion`.`descripcion` AS `descripcion`,`publicacion`.`fecha_alta` AS `fecha_alta`,`publicacion`.`fecha_publicacion` AS `fecha_publicacion`,`publicacion`.`visible` AS `visible`,`imagen_publicacion`.`imagen_publicacion_id` AS `imagen_publicacion_id`,`imagen_publicacion`.`imagen` AS `imagen`,`imagen_publicacion`.`tipo` AS `tipo`,`usuario`.`usuario_id` AS `usuario_id`,`ficha`.`ficha_id` AS `ficha_id`,`ficha`.`cargo` AS `cargo`,`ficha`.`ubicacion` AS `ubicacion`,`ficha`.`cantidad` AS `cantidad`,`ficha`.`jefe` AS `jefe`,`ficha`.`a_cargo` AS `a_cargo`,`ficha`.`finalidad` AS `finalidad`,`ficha`.`funciones` AS `funciones`,`ficha`.`requisitos` AS `requisitos`,`ficha`.`experiencia` AS `experiencia`,`ficha`.`competencia` AS `competencia` from (((`usuario` join `publicacion`) join `ficha`) join `imagen_publicacion`) where ((`usuario`.`usuario_id` = `publicacion`.`usuario_id`) and (`ficha`.`publicacion_id` = `publicacion`.`publicacion_id`) and (`publicacion`.`imagen_publicacion_id` = `imagen_publicacion`.`imagen_publicacion_id`)) */;
/*!50001 SET character_set_client      = @saved_cs_client */;
/*!50001 SET character_set_results     = @saved_cs_results */;
/*!50001 SET collation_connection      = @saved_col_connection */;

--
-- Final view structure for view `listar_inbox`
--

/*!50001 DROP VIEW IF EXISTS `listar_inbox`*/;
/*!50001 SET @saved_cs_client          = @@character_set_client */;
/*!50001 SET @saved_cs_results         = @@character_set_results */;
/*!50001 SET @saved_col_connection     = @@collation_connection */;
/*!50001 SET character_set_client      = utf8 */;
/*!50001 SET character_set_results     = utf8 */;
/*!50001 SET collation_connection      = utf8_general_ci */;
/*!50001 CREATE ALGORITHM=UNDEFINED */
/*!50013 DEFINER=`root`@`localhost` SQL SECURITY DEFINER */
/*!50001 VIEW `listar_inbox` AS select `destino_mensaje`.`usuario_id` AS `usuario_id`,`mensaje`.`mensaje_id` AS `mensaje_id`,`mensaje`.`asunto` AS `asunto`,`mensaje`.`mensaje` AS `mensaje`,date_format(`mensaje`.`fecha_envio`,'%d/%m/%Y') AS `fecha_envio`,`mensaje`.`curr_adjuntado` AS `curr_adjuntado`,`rem`.`correo` AS `remitente`,`rem`.`usuario_id` AS `remitente_id`,`destino_mensaje`.`visto` AS `visto` from (((`mensaje` join `usuario` `rem` on((`rem`.`usuario_id` = `mensaje`.`usuario_id`))) join `destino_mensaje`) join `mensaje_eliminado`) where ((`mensaje`.`cadena` = 0) and (`mensaje`.`mensaje_id` = `destino_mensaje`.`mensaje_id`) and (`mensaje_eliminado`.`mensaje_id` = `mensaje`.`mensaje_id`) and (`mensaje_eliminado`.`usuario_id` = `destino_mensaje`.`usuario_id`) and (`mensaje_eliminado`.`eliminado` = 0)) */;
/*!50001 SET character_set_client      = @saved_cs_client */;
/*!50001 SET character_set_results     = @saved_cs_results */;
/*!50001 SET collation_connection      = @saved_col_connection */;

--
-- Final view structure for view `listar_publicadores`
--

/*!50001 DROP VIEW IF EXISTS `listar_publicadores`*/;
/*!50001 SET @saved_cs_client          = @@character_set_client */;
/*!50001 SET @saved_cs_results         = @@character_set_results */;
/*!50001 SET @saved_col_connection     = @@collation_connection */;
/*!50001 SET character_set_client      = utf8 */;
/*!50001 SET character_set_results     = utf8 */;
/*!50001 SET collation_connection      = utf8_general_ci */;
/*!50001 CREATE ALGORITHM=UNDEFINED */
/*!50013 DEFINER=`root`@`localhost` SQL SECURITY DEFINER */
/*!50001 VIEW `listar_publicadores` AS select `publicador`.`publicador_id` AS `publicador_id`,`persona`.`persona_id` AS `persona_id`,`usuario`.`usuario_id` AS `usuario_id`,`persona`.`nombre` AS `nombre`,`persona`.`apellido` AS `apellido`,`persona`.`sexo` AS `sexo`,date_format(`persona`.`fecha_nacimiento`,'%d/%m/%Y') AS `fecha_nacimiento`,`usuario`.`correo` AS `correo`,`usuario`.`clave` AS `clave`,`usuario`.`imagen` AS `imagen`,`usuario`.`ultima_sesion` AS `ultima_sesion`,`usuario`.`activo` AS `activo`,`cargo`.`cargo_id` AS `cargo_id`,`cargo`.`cargo` AS `cargo`,`area`.`area` AS `area`,`area`.`area_id` AS `area_id` from ((((`publicador` join `persona`) join `area`) join `cargo`) join `usuario`) where ((`publicador`.`persona_id` = `persona`.`persona_id`) and (`publicador`.`usuario_id` = `usuario`.`usuario_id`) and (`cargo`.`area_id` = `area`.`area_id`) and (`publicador`.`cargo_id` = `cargo`.`cargo_id`)) */;
/*!50001 SET character_set_client      = @saved_cs_client */;
/*!50001 SET character_set_results     = @saved_cs_results */;
/*!50001 SET collation_connection      = @saved_col_connection */;

--
-- Final view structure for view `listar_sent`
--

/*!50001 DROP VIEW IF EXISTS `listar_sent`*/;
/*!50001 SET @saved_cs_client          = @@character_set_client */;
/*!50001 SET @saved_cs_results         = @@character_set_results */;
/*!50001 SET @saved_col_connection     = @@collation_connection */;
/*!50001 SET character_set_client      = utf8 */;
/*!50001 SET character_set_results     = utf8 */;
/*!50001 SET collation_connection      = utf8_general_ci */;
/*!50001 CREATE ALGORITHM=UNDEFINED */
/*!50013 DEFINER=`root`@`localhost` SQL SECURITY DEFINER */
/*!50001 VIEW `listar_sent` AS select `mensaje`.`usuario_id` AS `usuario_id`,`mensaje`.`mensaje_id` AS `mensaje_id`,`mensaje`.`asunto` AS `asunto`,`mensaje`.`mensaje` AS `mensaje`,date_format(`mensaje`.`fecha_envio`,'%d/%m/%Y') AS `fecha_envio`,`mensaje`.`curr_adjuntado` AS `curr_adjuntado`,`dest`.`correo` AS `destinatario`,`dest`.`usuario_id` AS `destinatario_id`,`destino_mensaje`.`visto` AS `visto` from ((`mensaje` join (`destino_mensaje` join `usuario` `dest` on((`dest`.`usuario_id` = `destino_mensaje`.`usuario_id`)))) join `mensaje_eliminado`) where ((`mensaje`.`mensaje_id` = `destino_mensaje`.`mensaje_id`) and (`mensaje`.`cadena` = 0) and (`mensaje`.`mensaje_id` = `mensaje_eliminado`.`mensaje_id`) and (`mensaje_eliminado`.`usuario_id` = `mensaje`.`usuario_id`) and (`mensaje_eliminado`.`eliminado` = 0)) */;
/*!50001 SET character_set_client      = @saved_cs_client */;
/*!50001 SET character_set_results     = @saved_cs_results */;
/*!50001 SET collation_connection      = @saved_col_connection */;
/*!40103 SET TIME_ZONE=@OLD_TIME_ZONE */;

/*!40101 SET SQL_MODE=@OLD_SQL_MODE */;
/*!40014 SET FOREIGN_KEY_CHECKS=@OLD_FOREIGN_KEY_CHECKS */;
/*!40014 SET UNIQUE_CHECKS=@OLD_UNIQUE_CHECKS */;
/*!40101 SET CHARACTER_SET_CLIENT=@OLD_CHARACTER_SET_CLIENT */;
/*!40101 SET CHARACTER_SET_RESULTS=@OLD_CHARACTER_SET_RESULTS */;
/*!40101 SET COLLATION_CONNECTION=@OLD_COLLATION_CONNECTION */;
/*!40111 SET SQL_NOTES=@OLD_SQL_NOTES */;

-- Dump completed on 2016-05-18 16:10:57
